机会名称,机会类型,机会类型分组,主办方,议题标签,主题分区,相关度,截止日期,会议日期,地点/线上,原网页链接,申请/投稿链接,参加条件,费用,是否有资助,资助说明链接,需要准备的材料,岗位类型,岗位职能,排除原因,行动优先级,状态,备注,发现日期,最近核查日期,链接指纹
Singapore AI Safety Fellowship,fellowship,Fellowship,Singapore AI Safety Hub (SASH),AI安全;AI治理;国际AI合作;可信AI;研究资助,AI治理,高,2026-07-10,2026-09-21至2026-12-04,Singapore,https://www.aisafety.sg/programs/singapore-ai-safety-fellowship,https://www.aisafety.sg/programs/singapore-ai-safety-fellowship,面向希望开展能影响现实AI安全实践研究的研究者；具体学历、经验与项目要求待核查,待核查,是,https://www.aisafety.sg/programs/singapore-ai-safety-fellowship,申请表及研究相关材料；具体待核查,,AI或数字治理;政策研究;战略研究,,高,值得申请,"提供每月SGD 5,000 stipend、住宿和旅行支持，并含最高USD 30,000 compute，截止当天需立即行动。",2026-07-10,2026-07-10,0de9ea68b9771de2
UNEP Finance Initiative Internship for APAC Regional Team,internship,Internship,United Nations Environment Programme (UNEP),可持续金融;亚太;气候金融;发展;国际组织,全球治理/国际组织,低,2026-07-10,待核查,Geneva/Remote,https://careers.un.org/jobSearchDescription/279004,https://careers.un.org/jobSearchDescription/279004,UN Secretariat internship 通常要求在读或近期毕业，具体学历、专业和语言要求以岗位页面为准；待核查,No Fee；实习薪酬/津贴待核查,待核查,待核查,UN Careers/Inspira 在线申请材料；具体材料待核查,Internship,可持续发展;发展融资;伙伴关系;政策研究,岗位职能偏强专业壁垒：it,高,值得申请,与亚太可持续金融和国际组织经历直接相关；按用户给定日期为截止当天，需立即确认时区。,2026-07-10,2026-07-10,c04b9f916bbafb69
Programme Management and Outreach Intern,internship,Internship,United Nations Office at Geneva,项目管理;传播倡导;多边外交;国际组织;日内瓦,全球治理/国际组织,低,2026-07-11,待核查,"Geneva, Switzerland",https://careers.un.org/jobSearchDescription/279081,https://careers.un.org/jobSearchDescription/279081,UN Secretariat internship 通常要求在读或近期毕业，具体学历、专业和语言要求以岗位页面为准；待核查,No Fee；实习薪酬/津贴待核查,待核查,待核查,UN Careers/Inspira 在线申请材料；具体材料待核查,Internship,项目支持;传播倡导;伙伴关系,岗位职能偏强专业壁垒：it,中高,值得申请,UN Geneva 平台价值高，虽然主题较宽，但对国际组织经历拓展有用。,2026-07-10,2026-07-10,ef9ad69c03ba2691
UNDP Tokyo Public Affairs Intern,internship,Internship,UNDP Representation Office in Tokyo,UNDP; public affairs; communications; partnerships; youth engagement; SDGs; development,AI治理,低,2026-07-13,待核查,Tokyo，页面说明可根据事先协商偶尔远程,https://www.undp.org/sites/g/files/zskgke326/files/2026-06/tor-pa-intern-202606.pdf,mailto:undptokyo.hr@undp.org,研究生在读、本科最后一年在读，或毕业一年内；日语熟练；英语书面和口语优秀；专业经历为加分项,无申请费；除UNDP实习津贴外，其他相关费用由实习生或资助方承担,是,https://www.undp.org/sites/g/files/zskgke326/files/2026-06/tor-pa-intern-202606.pdf,UNDP Internship application form；英文和日文简历；英文和日文cover letter,Internship,传播倡导/伙伴关系/项目支持,岗位职能偏强专业壁垒：hr,高,值得申请,公共传播、私营部门伙伴关系、青年参与和发展议题结合紧密，截止很近。,2026-07-10,2026-07-10,e5cebac7f408f29e
UNEP Finance Initiative Risk Center Internship - Support for Sustainability Risk Programming,internship,Internship,United Nations Environment Programme (UNEP),可持续金融;气候金融;风险治理;ESG;国际组织,AI治理,低,2026-07-14,待核查,Geneva/Remote,https://careers.un.org/jobSearchDescription/280026?language=en,https://careers.un.org/jobSearchDescription/280026?language=en,UN Secretariat internship 通常要求在读或近期毕业，具体学历、专业和语言要求以岗位页面为准；待核查,No Fee；实习薪酬/津贴待核查,待核查,待核查,UN Careers/Inspira 在线申请材料；具体材料待核查,Internship,可持续发展;气候;发展融资;政策研究,岗位职能偏强专业壁垒：it,高,值得申请,UNEP FI 与可持续金融和风险治理高度匹配，截止日很近，应优先核查并提交。,2026-07-10,2026-07-10,13aba2ca53c95d6c
AGI Governance Fellowship,fellowship,Fellowship,Johns Hopkins University School of Government and Policy,AGI治理;AI政策;民主治理;制度设计;前沿AI,AI治理,高,2026-07-15,2026-09-08至2026-09-25,"Washington, DC；in-person only",https://sogp.jh.edu/agi-governance-fellowship,https://sogp.jh.edu/agi-governance-fellowship,须有相关领域研究生学位或等同实践经验；early career，通常为本科毕业8年内；已具备AI治理或前沿AI系统技术理解基础,项目资助旅行、住宿和餐食/incidentals；其他费用待核查,是,https://sogp.jh.edu/agi-governance-fellowship,在线申请材料；具体待核查,,AI或数字治理;政策研究;战略研究,,高,值得申请,面向已具备AI治理基础的early-career研究者/实践者，资助覆盖较清晰，适合高强度政策训练。,2026-07-10,2026-07-10,5e7012131b3a4b4f
"Green Finance, Technological Innovation & Global Governance International Conference",学术年会/CFP,学术论坛/CFP,"Shanghai University of International Business and Economics School of Finance / FinLAB, Dublin City University",green finance; technological innovation; global governance; sustainable finance; climate risk; digital finance,AI治理,高,2026-07-15,2026-08-29至2026-08-30,"Shanghai, China",https://info.business.dcu.ie/2026-finance-conference,mailto:finance_conference@suibe.edu.cn,研究者、博士生、政策制定者和实务界人士；论文投稿截止已过，注册截止仍需核查,官网显示doctoral student session和conference无费用；具体参会费用需再核查,是,https://info.business.dcu.ie/2026-finance-conference,论文需title page和anonymous main paper；PDF格式；邮件投稿；若仅注册则材料待核查,,发展融资/气候/政策研究,,中,待核查,论文投稿截止已过，但注册和博士生机会信息值得核查，主题与绿色金融和全球治理高度匹配。,2026-07-10,2026-07-10,a84ff3f5a8d7806f
ICEGOV 2026 Scholarship Application,学术年会,学术论坛/CFP,United Nations University Operating Unit on Policy-Driven Electronic Governance (UNU-EGOV) 与 Prince Sultan University,电子治理;数字政府;数字治理;社会包容;可持续发展,AI治理,高,2026-07-15,2026-09-28至2026-10-01,"Riyadh, Saudi Arabia",https://www.icegov.org/2026,https://www.icegov.org/2026,Scholarship具体申请条件待核查；会议面向电子治理/数字治理领域研究者、政府、国际组织、民间社会与产业界,参会注册费和奖学金覆盖范围待核查,是,https://www.icegov.org/2026,Scholarship申请材料待核查；如已投稿/录用论文需准备论文和作者注册材料,,AI或数字治理;政策研究;治理,,高,值得申请,UNU-EGOV主导的数字治理会议，奖学金申请7月15日截止，适合数字政府/AI治理方向。,2026-07-10,2026-07-10,0fb7b168583fef6c
PIU 2026 Policy Fellowship,policy fellowship,Fellowship,UK Policy Insights Unit / Open Innovation Team,policy fellowship; AI and emerging technologies; governance; sustainability; global systems; economic development,AI治理,中,2026-07-15,6个月，具体起止时间待核查,英国，形式待核查,https://www.gov.uk/government/news/applications-now-open-for-oits-2026-policy-fellowship,https://www.gov.uk/government/news/applications-now-open-for-oits-2026-policy-fellowship,面向UK-based civil servants/public officials，SEO-G6或同等职级,待核查,待核查,待核查,申请表；具体材料见Q&A pack,,政策研究/治理/AI或数字治理/战略研究,,中,新发现,主题含AI、新兴技术、治理、全球系统与经济发展，但资格限制较强。,2026-07-10,2026-07-10,72b593eabacc4461
Political Affairs Intern: Policy Planning,internship,Internship,United Nations Department of Peace Operations,政策规划;多边主义;国际组织;全球治理;和平行动,AI治理,低,2026-07-15,待核查,"New York, UNHQ",https://careers.un.org/jobSearchDescription/279488,https://careers.un.org/jobSearchDescription/279488,UN Secretariat internship 通常要求在读或近期毕业，具体学历、专业和语言要求以岗位页面为准；待核查,No Fee；实习薪酬/津贴待核查,待核查,待核查,UN Careers/Inspira 在线申请材料；具体材料待核查,Internship,政策研究;战略研究;治理,岗位职能偏强专业壁垒：it,高,值得申请,政策规划方向与全球治理、国际组织职业探索高度相关。,2026-07-10,2026-07-10,12657989d1ba601f
INTERN - Project Management,internship,Internship,United Nations Department of Operational Support,项目管理;联合国系统;组织治理;运营支持,全球治理/国际组织,低,2026-07-30,待核查,New York 或 Remote；full-time 或 part-time,https://careers.un.org/jobSearchDescription/280216,https://careers.un.org/jobSearchDescription/280216,UN Secretariat internship 通常要求在读或近期毕业，具体学历、专业和语言要求以岗位页面为准；待核查,No Fee；实习薪酬/津贴待核查,待核查,待核查,UN Careers/Inspira 在线申请材料；具体材料待核查,Internship,项目支持;治理;战略研究,岗位职能偏强专业壁垒：it,中,新发现,主题不如政策研究直接，但可用于积累联合国内部项目管理经验。,2026-07-10,2026-07-10,176374bd4061b561
Intern - Communications,internship,Internship,United Nations Office of the Special Coordinator on Improving the United Nations Response to Sexual Exploitation and Abuse,communications; public information; UN system; accountability; international organizations,全球治理/国际组织,低,2026-07-30,待核查,New York，页面说明优先线下全职，可考虑兼职,https://careers.un.org/jobSearchDescription/279845,https://careers.un.org/jobSearchDescription/279845,UN internship通常要求在读本科最后一年、在读研究生或毕业一年内；该岗位具体资格需在页面内核查,No Fee,待核查,待核查,UN Careers个人资料、CV/教育信息、动机说明等，具体以系统要求为准,Internship,传播倡导,岗位职能偏强专业壁垒：it,中高,新发现,明确为UN Careers internship，适合希望积累联合国传播与公共信息经验者。,2026-07-10,2026-07-10,4f1e1a426d37b8c9
IGF 2026 Call for Session Proposals,CFP,学术论坛/CFP,"Internet Governance Forum (IGF), United Nations",数字治理;互联网治理;AI时代;多利益相关方治理;全球治理,AI治理,高,2026-07-31,2026-12-14至2026-12-18,"Nairobi, Kenya；线上参与安排待核查",https://intgovforum.org/en/content/igf-2026-call-for-session-proposals,https://intgovforum.org/en/content/igf-2026-call-for-session-proposals,面向互联网治理相关多利益相关方社群；具体 session 类型和提交流程以官网为准,待核查,待核查,https://intgovforum.org/en,Session proposal；具体包括主题、组织者、形式、目标等，待核查,,AI或数字治理;政策研究;伙伴关系,,高,值得申请,IGF 2026主题为智能时代的互联网治理，适合提交AI治理、数字公共基础设施或平台治理相关session。,2026-07-10,2026-07-10,f108e3a00611a261
Intern - Social Affairs,internship,Internship,United Nations Department of Economic and Social Affairs,social affairs; sustainable development; inclusion; DESA; international organizations,AI治理,低,2026-08-04,待核查,UNHQ New York,https://careers.un.org/jobSearchDescription/280461,https://careers.un.org/jobSearchDescription/280461,UN internship通常要求在读本科最后一年、在读研究生或毕业一年内；该岗位具体资格需在页面内核查,No Fee,待核查,待核查,UN Careers个人资料、CV/教育信息、动机说明等，具体以系统要求为准,Internship,可持续发展/政策研究/项目支持,岗位职能偏强专业壁垒：it,高,新发现,DESA社会事务方向与发展、不平等和SDGs相关，需进一步打开岗位正文确认具体处室和任务。,2026-07-10,2026-07-10,1ac4cb0695f515be
Civil Society Policy Forum: Annual Meetings 2026 Call for Proposals,CFP,学术论坛/CFP,World Bank Group / International Monetary Fund,civil society; development finance; IMF; World Bank; global economic governance; Annual Meetings,全球治理/国际组织,高,2026-08-10,2026-10-13至2026-10-16,Bangkok，混合参与,https://www.worldbank.org/en/events/2026/10/13/civil-society-policy-forum-annual-meetings-2026,https://www.surveymonkey.com/r/CSPFatAM26,Call for Proposals面向CSOs和CSO networks；每个组织限主办一个session，个人speaker最多参与两个session,待核查,待核查,待核查,session proposal、主办组织信息、speaker信息等在线表单材料,,政策研究/发展融资/治理/伙伴关系,,高,值得申请,WBG-IMF年会期间最重要的民间社会政策参与入口之一，适合有组织平台或联合提案资源者。,2026-07-10,2026-07-10,5414d9feb6995198
World Bank GovTech Innovation Challenge on Public Audit in Morocco,其他,其他,"World Bank, Swiss State Secretariat for Economic Affairs (SECO), Trust Valley, Morocco General Inspectorate of Finance",GovTech;数字政府;公共财政监督;公共采购审计;数字治理;世界银行,AI治理,中,2026-08-21,2026-10 late October bootcamp；三个月proof of concept开发,Switzerland and Morocco bootcamp；其他环节待核查,https://thedocs.worldbank.org/en/doc/fe7f0dd1987497dff29ed195c6f1423e-0350092026/related/2026-GIC-Joint-Communication-CfP-IGF.pdf,https://govtech.trustvalley.swiss,面向全球technology companies，包括startups、scale-ups和SMEs；须具备相关专业能力并承诺参与项目,待核查,待核查,待核查,技术解决方案proposal；可申请一个或两个challenge；具体材料以申请网站为准,,AI或数字治理;治理;发展融资;战略研究,,中高,新发现,更适合有团队或技术/政策产品方案者，主题连接公共财政监督和GovTech。,2026-07-10,2026-07-10,70c652c709f69e1f
World Bank Group Pioneers Program - Winter/Fall Cycle 2026,internship,Internship,World Bank Group,国际发展;发展金融;经济学;环境;私营部门发展;世界银行,AI治理,高,2026-08-31 或待核查,Winter/Fall Cycle，具体实习日期待核查,"Washington, DC 和/或世界银行各地办公室；具体待核查",https://www.worldbank.org/ext/en/careers/talent-programs/wbg-pioneers,https://www.worldbank.org/ext/en/careers/talent-programs/wbg-pioneers,本科最后一年学生，或正在攻读硕士/博士；0-6年工作经验；英语流利；须为World Bank Group成员国公民,待核查,是,https://www.worldbank.org/ext/en/careers/talent-programs/wbg-pioneers,在线申请；具体岗位材料待核查,Internship,政策研究;项目支持;可持续发展;发展融资;战略研究,,高,值得申请,页面显示7-8月接受Winter/Fall Cycle申请，且为 paid internship，世界银行发展方向匹配度很高。,2026-07-10,2026-07-10,5d55156ac5b75f5e
Sector Transition: UKRI Policy Fellowships 2026,policy fellowship,Fellowship,UK Research and Innovation,policy fellowship; evidence-informed policy; climate policy; AI-assisted evaluation; government-academia exchange,AI治理,中,2026-09-10,18个月,英国政策部门或相关host partner，具体以fellowship position为准,https://www.ukri.org/opportunity/sector-transition-ukri-policy-fellowships-2026,https://www.ukri.org/opportunity/sector-transition-ukri-policy-fellowships-2026,申请人需为持有博士或能证明同等研究经验的学者，并满足所在机构/host partner资格条件,待核查,是,https://www.ukri.org/opportunity/sector-transition-ukri-policy-fellowships-2026,项目summary、core team、vision、approach to co-design、applicant capability等Funding Service申请材料,,政策研究/气候/AI或数字治理/战略研究,,中高,新发现,含能源安全、气候政策评估和AI辅助政策评估等方向，适合有博士或同等研究经验者。,2026-07-10,2026-07-10,5fb2c3ec6d7090aa
ICCROM Fellowship Applications 2027,visiting fellowship,Fellowship,ICCROM,气候行动;可持续发展;政策议程;数字转型;复杂危机,全球治理/国际组织,中,2026-09-15,2027年开展，3-6个月,"Rome, Italy；可部分线上，需说明理由",https://www.iccrom.org/get-involved/fellowships,https://www.iccrom.org/get-involved/fellowships,面向相关研究提案申请者；具体学历、职业背景与研究主题要求待核查,需自行安排旅行、住宿和个人保险；ICCROM提供办公空间、电脑、网络、文具及文献资源,否,https://www.iccrom.org/get-involved/fellowships,在线申请表；需上传相关数字文件，具体包括研究材料/证明文件待核查,,政策研究;可持续发展;气候;战略研究,,中,长期关注,主题需与气候行动、可持续发展或数字转型挂钩；无经费支持，因此优先级低于全资助项目。,2026-07-10,2026-07-10,20a4e0eeb519682e
2026 Annual Global Development Finance Conference,CFP/学术年会,学术论坛/CFP,"Chartered Institute of Development Finance / Development Finance Centre, UCT GSB / Africagrowth Institute",development finance; sustainable finance; financing for growth; DFIs; blended finance,AI治理,高,2026-09-30,2026-11-17至2026-11-18,"Cape Town, South Africa",https://www.globalcidef.com/event/2026-annual-global-development-finance-conference,https://www.africagrowth.com/mdevf_emailer/mdevf_mailer_2026.html,面向发展金融和可持续金融领域从业者、学者和研究生；摘要/论文投稿要求见官网,non-presenter 250美元起；academic presenter 300美元；具体以官网为准,待核查,待核查,摘要或论文；注册表；其他待核查,,发展融资/政策研究/战略研究,,中高,新发现,发展融资主题非常匹配，摘要截止仍开放，适合论文或政策研究展示。,2026-07-10,2026-07-10,1056802467b99ce0
World Bank Group Young Professionals Program 2026-2027,其他,青年项目,World Bank Group,国际发展;发展金融;世界银行;早期职业;多边开发银行,全球治理/国际组织,高,2026-09-30,2027-09 入职；面试与评估为2026-12至2027-01,"World Bank Group 全球办公室；新 cohort 从 Washington, DC 开始",https://www.worldbank.org/ext/en/careers/talent-programs/young-professionals-program,https://www.worldbank.org/ext/en/careers/talent-programs/young-professionals-program,World Bank Group成员国国籍；本科后至少2年全职工作经验；2027-09-01前完成相关硕士或以上学历；英语优秀；无年龄限制但面向2-6年相关经验的early-career professionals,无申请费信息；待核查,不适用,待核查,CV/resume、护照照片页、学历证明/成绩单或在读证明,,政策研究;发展融资;战略研究;可持续发展,,高,长期关注,9月1日开放、9月30日截止，是世界银行系统早期职业核心通道，需提前准备材料。,2026-07-10,2026-07-10,c31b0004c3cb7429
2026 Annual Meetings of the IMF and World Bank Group,国际组织年会,会议,International Monetary Fund / World Bank Group,Annual Meetings; international finance; development; poverty reduction; global economic governance,AI治理,高,2026-10-02,2026-10-12至2026-10-18,"Bangkok, Thailand",https://www.worldbank.org/en/meetings/splash/annual/overview,https://www.worldbank.org/en/meetings/splash/annual/registration,Guest类别包括私营部门、学界/学生等；CSO和Parliamentarian按相应类别申请；学界/学生需提交身份和学术兴趣证明,待核查,待核查,待核查,注册申请信息；学界/学生类别通常需院系或大学证明信；签证/入境材料视情况准备,,发展融资/政策研究/战略研究,,中高,新发现,国际金融与发展治理核心年会，适合关注债务、发展融资、IMF/WBG治理议题者。,2026-07-10,2026-07-10,3ec308e4962dca2c
UNESCO Internship: Communication and Information Sector,internship,Internship,UNESCO,digital transformation; access to information; media development; innovation for sustainable development; communication and information,AI治理,低,2026-12-31,1-6个月，具体起止时间待核查,UNESCO Headquarters、Field Offices或Institutes,https://careers.unesco.org/job/Multiple-INTERNSHIP-Communication-and-Information-Sector/1347542457,https://careers.unesco.org/job/Multiple-INTERNSHIP-Communication-and-Information-Sector/1347542457,UNESCO internship通常面向符合其学历与语言要求的学生或近期毕业生；该岗位具体条件需在申请系统核查,待核查,待核查,待核查,待核查,Internship,AI或数字治理/传播倡导/项目支持/伙伴关系,岗位职能偏强专业壁垒：it,高,值得申请,重点覆盖知识社会、信息获取、媒体发展和包容性数字转型，较匹配数字治理与可持续发展方向。,2026-07-10,2026-07-10,f00ee6a4e8f52d51
UNESCO Internship: Communications and Public Engagement,internship,Internship,UNESCO,传播倡导;联合国系统;可持续发展;公共参与;数字传播,全球治理/国际组织,低,2026-12-31,1-6个月实习，具体开始日期待核查,"UNESCO Headquarters, Field Offices, and Institutes",https://careers.unesco.org/job/Multiple-INTERNSHIP-Communications-and-Public-Engagement/1347728357,https://careers.unesco.org/job/Multiple-INTERNSHIP-Communications-and-Public-Engagement/1347728357,至少20岁；本科三年级/最后一年在读，或硕博在读，或本科/硕博毕业12个月内；需英语或法语优秀；具体以页面为准,UNESCO 不向实习生支付报酬；需自行承担旅行、签证、保险等费用,否,https://careers.unesco.org/content/Internship-Programme/?locale=en_GB,CV/resume、motivation letter；实习开始前需身份证明/在读证明/毕业证明等,Internship,传播倡导;项目支持;伙伴关系,岗位职能偏强专业壁垒：it,中,新发现,适合希望补强国际组织传播、公共参与与可持续发展叙事经验的人。,2026-07-10,2026-07-10,4530f50c33765347
Political Affairs Intern: Information Analysis and Data Visualisation,internship,Internship,United Nations Department of Political and Peacebuilding Affairs / Department of Peace Operations,political affairs; peace and security; data visualisation; international organizations; global governance,AI治理,低,2027-05-06,待核查,New York优先，可远程或混合,https://careers.un.org/jobSearchDescription/276487?language=en,https://careers.un.org/jobSearchDescription/276487?language=en,UN internship通常要求在读本科最后一年、在读研究生或毕业一年内；该岗位具体资格需在页面内核查,No Fee,待核查,待核查,UN Careers个人资料、学历/在读信息、动机说明等，具体以系统要求为准,Internship,政策研究/治理/战略研究,岗位职能偏强专业壁垒：it,高,值得申请,UN Careers单独检索所得，政治事务与信息分析方向高度匹配；需在 UN Careers 站内以 Internship 过滤核查最新状态。,2026-07-10,2026-07-10,8ed31fdd4deb399f
13th OECD Forum on Green Finance and Investment,国际组织年会/论坛,会议,OECD,green finance; climate finance; clean energy finance; investment mobilisation; sustainable development,AI治理,高,待核查,2026-10-07至2026-10-08,"OECD Conference Centre, Paris；线上/直播待核查",https://www.oecd-events.org/e/oecd-forum-on-green-finance-and-investment-2026/content/agenda,https://www.oecd-events.org/e/oecd-forum-on-green-finance-and-investment-2026/content/practical-information,线下参与需提前注册；其他条件待核查,待核查,待核查,待核查,注册信息、身份证件或护照、确认邮件；其他材料待核查,,气候/发展融资/政策研究,,中高,新发现,聚焦绿色金融、清洁能源融资和投资动员，适合跟踪气候融资与国际金融政策。,2026-07-10,2026-07-10,fe9686e6d63fc264
2026 Global Conference of the International Decade of Sciences for Sustainable Development,国际组织年会/论坛,会议,UNESCO / UN system partners,science for sustainable development; SDGs; UN; UNESCO; sustainable development,AI治理,中,待核查,2026-07-15至2026-07-17,"UNESCO Headquarters, Paris",https://indico.un.org/event/1021402/registrations,https://indico.un.org/event/1021402/registrations,待核查,待核查,待核查,待核查,Indico.UN注册信息；其他待核查,,可持续发展/政策研究/战略研究,,中,新发现,UNESCO总部近期可持续发展科学会议，适合拓展SDGs和国际组织会议经历。,2026-07-10,2026-07-10,3123101827e11805
UNIDO Internship Programme,internship,Internship,United Nations Industrial Development Organization,inclusive and sustainable industrial development; international cooperation; development; SDGs,AI治理,低,待核查,3-6个月，受资助实习最长可至12个月,Vienna总部及全球外地办公室，具体以岗位为准,https://careers.unido.org/content/Internship/?locale=en_US,https://careers.unido.org/go/Internship-Programe/8954055,本科最后一年在读、硕士或以上在读，或本科/硕士毕业12个月内；须来自UNIDO成员国；工作地点工作语言流利,无申请费信息待核查；差旅、签证、住宿、保险和个人费用由实习生承担,是,https://careers.unido.org/content/Internship/?locale=en_US,具体岗位要求待核查,Internship,可持续发展/项目支持/战略研究,岗位职能偏强专业壁垒：it,中,长期关注,官网明确说明UNIDO为付费实习项目，但当前具体开放岗位需定期在UNIDO Careers内核查。,2026-07-10,2026-07-10,2e919d3012cd59a6
OECD Internship Programme,internship,Internship,Organisation for Economic Co-operation and Development (OECD),AI政策;气候变化;发展;数字治理;经济政策;金融投资;公共治理,AI治理,高,滚动申请，全年开放,实习通常至少1个月，具体起止日期待核查,In-person / Hybrid / Remote，视团队需要而定,https://www.oecd.org/en/about/careers/internships.html,https://www.oecd.org/en/about/careers/internships.html,实习期间须在完全认可的学位项目中注册，包括本科、硕士或博士；需具备与OECD工作相关的学科背景；语言要求以官网为准,待核查,待核查,https://www.oecd.org/en/about/careers/internships/frequently-asked-questions.html,在线申请、cover letter/Message to Hiring Manager、CV等；具体以OECD申请系统为准,Internship,政策研究;AI或数字治理;气候;发展融资;治理,,高,值得申请,全年滚动，政策方向覆盖AI、气候、发展、金融和治理，建议长期保持有效申请。,2026-07-10,2026-07-10,101e42236fd3c9b1
